source,target,regex,code
//yes-want-book-no-obligation-appointment/,/contact/,0,301
/financial-planning-assistance-and-administration/,/services/virtual-financial-planning-and-admin-assistant/,0,301
/testimonial/john-dwyer/,/client-stories/,0,301
/testimonial/karen-robertson/,/client-stories/,0,301
/testimonial/paul-bradley/,/client-stories/,0,301
/testimonial/paul-godden/,/client-stories/,0,301
/about-us/,/about/,0,301
/accounting-bookkeeping-assistance/,/services/accounting-and-bookkeeping-virtual-assistant/,0,301
/blog/,/insights/,0,301
/business-back-office-and-admin-support/,/services/executive-and-administrative-virtual-assistance/,0,301
/businesses-these-days/,/managed-virtual-support/,0,301
/contact-us/,/contact/,0,301
/creative-writing-and-copywriting-assistance/,/services/creative-copywriting-virtual-assistant/,0,301
/digital-marketing-assistance/,/services/digital-marketing-virtual-assistant-services/,0,301
/faq/,/faqs/,0,301
/financial-planning-assistance-administration/,/services/virtual-financial-planning-and-admin-assistant/,0,301
/home-old/,/,0,301
/how-we-help/,/managed-virtual-support/,0,301
/it-services-and-technology/,/services/it-virtual-assistant-services/,0,301
/mortgage-loans-processing-support/,/services/mortgage-loans-processing-virtual-support/,0,301
/real-estate-administration-support/,/services/real-estate-virtual-assistant-services/,0,301
/sales-and-marketing-support/,/services/sales-and-e-commerce-virtual-assistant/,0,301
/simply-too-busy/,/services/,0,301
/specialised-recruitment-services/,/services/,0,301
/specialised-recruitment/,/managed-virtual-support/,0,301
/testimonials/,/client-stories/,0,301
/why-us/,/managed-virtual-support/,0,301
/yes-want-book-no-obligation-appointment/,/contact/,0,301
/category/blog/,/insights/,0,301
/author/anne/page/10/,/insights/,0,301
/author/anne/page/2/,/insights/,0,301
/author/anne/page/3/,/insights/,0,301
/author/anne/page/4/,/insights/,0,301
/author/anne/page/8/,/insights/,0,301
/author/anne/page/9/,/insights/,0,301
/category/blog/page/2/,/insights/,0,301
/category/blog/page/3/,/insights/,0,301
/category/blog/page/4/,/insights/,0,301
/category/blog/page/7/,/insights/,0,301
/category/blog/page/8/,/insights/,0,301
/category/blog/page/9/,/insights/,0,301
/category/uncategorized/,/insights/,0,301
/category/uncategorized/page/2/,/insights/,0,301
/tag/accounting-and-bookkeeping/,/insights/,0,301
/tag/financial-planning/,/insights/,0,301
/tag/outsourcing/,/insights/,0,301
/tag/virtual-assistant/,/insights/,0,301
/tag/virtual-assistants/,/insights/,0,301
/tag/virtual-assistants/page/2/,/insights/,0,301
/tag/virtual-assistants/page/3/,/insights/,0,301
/testimonial/,/client-stories/,0,301
/we-do-what-other-company-dont/,/about/,0,301
/work-with-us/,/contact/,0,301
/3-signs-that-you-must-hire-a-virtual-assistant-for-your-real-estate-business/,/insights/3-signs-that-you-must-hire-a-virtual-assistant-for-your-real-estate-business/,0,301
/4-ways-to-get-results-from-your-real-estate-virtual-assistant/,/insights/4-ways-to-get-results-from-your-real-estate-virtual-assistant/,0,301
/5-admin-tasks-you-can-delegate-to-a-financial-planning-virtual-assistant/,/insights/5-admin-tasks-you-can-delegate-to-a-financial-planning-virtual-assistant/,0,301
/5-reasons-why-you-need-virtual-bookkeeping-assistants/,/insights/5-reasons-why-you-need-virtual-bookkeeping-assistants/,0,301
/5-tasks-you-can-stop-doing-today-with-a-virtual-assistant/,/insights/5-tasks-you-can-stop-doing-today-with-a-virtual-assistant/,0,301
/5-ways-virtual-assistants-can-elevate-your-digital-marketing-strategies/,/insights/5-ways-virtual-assistants-can-elevate-your-digital-marketing-strategies/,0,301
/7-business-processes-that-mortgage-virtual-assistants-can-take-off-your-hands/,/insights/7-business-processes-that-mortgage-virtual-assistants-can-take-off-your-hands/,0,301
/7-signs-youre-ready-for-a-virtual-assistant/,/insights/7-signs-youre-ready-for-a-virtual-assistant/,0,301
/bridging-the-staffing-gap-why-every-australian-business-needs-an-executive-virtual-assistant/,/insights/bridging-the-staffing-gap-why-every-australian-business-needs-an-executive-virtual-assistant/,0,301
/choosing-the-right-virtual-loans-assistant-processor/,/insights/choosing-the-right-virtual-loans-assistant-processor/,0,301
/competencies-to-look-for-when-hiring-a-financial-planning-virtual-assistant/,/insights/competencies-to-look-for-when-hiring-a-financial-planning-virtual-assistant/,0,301
/heres-why-your-business-might-need-a-virtual-loans-assistant/,/insights/heres-why-your-business-might-need-a-virtual-loans-assistant/,0,301
/how-efficient-are-virtual-loans-assistants-for-mortgage-businesses/,/insights/how-efficient-are-virtual-loans-assistants-for-mortgage-businesses/,0,301
/how-financial-planning-virtual-assistants-can-handle-daily-operational-tasks-for-your-business/,/insights/how-financial-planning-virtual-assistants-can-handle-daily-operational-tasks-for-your-business/,0,301
/how-outsourcing-virtual-assistants-rewires-the-way-you-think-about-business-growth/,/insights/how-outsourcing-virtual-assistants-rewires-the-way-you-think-about-business-growth/,0,301
/how-virtual-assistants-can-expedite-loan-processing-for-mortgage-brokers/,/insights/how-virtual-assistants-can-expedite-loan-processing-for-mortgage-brokers/,0,301
/insiders-view-the-crucial-role-of-a-virtual-mortgage-and-loans-processing-support-assistant/,/insights/insiders-view-the-crucial-role-of-a-virtual-mortgage-and-loans-processing-support-assistant/,0,301
/is-ai-replacing-virtual-assistants-heres-why-remote-professionals-are-still-essential/,/insights/is-ai-replacing-virtual-assistants-heres-why-remote-professionals-are-still-essential/,0,301
/streamlining-your-business-finances-with-remote-bookkeeping-assistance/,/insights/streamlining-your-business-finances-with-remote-bookkeeping-assistance/,0,301
/the-impact-of-virtual-assistance-on-your-financial-planning-business/,/insights/the-impact-of-virtual-assistance-on-your-financial-planning-business/,0,301
/together-we-grow/,/insights/together-we-grow/,0,301
/unlocking-the-power-of-highly-specialised-virtual-assistants/,/insights/unlocking-the-power-of-highly-specialised-virtual-assistants/,0,301
/virtual-assistants-vs-burnout-a-practical-cure-for-overworked-ceos/,/insights/virtual-assistants-vs-burnout-a-practical-cure-for-overworked-ceos/,0,301
/what-is-a-mortgage-broker-burnout-and-how-can-virtual-assistance-help-you-avoid-it/,/insights/what-is-a-mortgage-broker-burnout-and-how-can-virtual-assistance-help-you-avoid-it/,0,301
/what-is-a-social-media-strategist-understanding-their-role-and-impact-on-your-business/,/insights/what-is-a-social-media-strategist-understanding-their-role-and-impact-on-your-business/,0,301
/what-kind-of-businesses-can-benefit-from-hiring-virtual-assistants/,/insights/what-kind-of-businesses-can-benefit-from-hiring-virtual-assistants/,0,301
/when-should-you-hire-a-mortgage-virtual-assistant/,/insights/when-should-you-hire-a-mortgage-virtual-assistant/,0,301
/why-should-financial-planners-hire-virtual-assistants/,/insights/why-should-financial-planners-hire-virtual-assistants/,0,301
/why-virtual-assistants-are-vital-for-financial-planners/,/insights/why-virtual-assistants-are-vital-for-financial-planners/,0,301
/working-with-virtual-assistant-recruitment-agencies-vs-freelancers/,/insights/working-with-virtual-assistant-recruitment-agencies-vs-freelancers/,0,301
/10-signs-you-might-need-to-hire-a-virtual-assistant/,/insights/10-signs-you-might-need-to-hire-a-virtual-assistant/,0,301
/15-years-of-giving-forward-virtual-office-angels-annual-christmas-outreach/,/insights/15-years-of-giving-forward-virtual-office-angels-annual-christmas-outreach/,0,301
/2026-why-the-start-of-the-year-is-the-best-time-to-hire-a-va/,/insights/2026-why-the-start-of-the-year-is-the-best-time-to-hire-a-va/,0,301
/25-effective-ideas-used-successful-businesses/,/insights/25-effective-ideas-used-successful-businesses/,0,301
/6-ways-successful-delegation/,/insights/6-ways-successful-delegation/,0,301
/a-decade-long-partnership-ivys-ten-year-journey-as-a-virtual-assistant/,/insights/a-decade-long-partnership-ivys-ten-year-journey-as-a-virtual-assistant/,0,301
/businesses-days-smarter-survive/,/insights/businesses-days-smarter-survive/,0,301
/celebrating-the-sovereigns-birthday-in-australia/,/insights/celebrating-the-sovereigns-birthday-in-australia/,0,301
/celebrating-working-moms/,/insights/celebrating-working-moms/,0,301
/challenges-in-managing-a-remote-workforce/,/insights/challenges-in-managing-a-remote-workforce/,0,301
/choosing-a-virtual-assistant-provider-red-flags-and-green-signals-when-outsourcing/,/insights/choosing-a-virtual-assistant-provider-red-flags-and-green-signals-when-outsourcing/,0,301
/common-problems/,/insights/common-problems/,0,301
/do-i-really-have-to-delegate/,/insights/do-i-really-have-to-delegate/,0,301
/embrace-family-day-in-the-capital-territory/,/insights/embrace-family-day-in-the-capital-territory/,0,301
/empowering-australian-businesses-the-data-backed-advantages-of-virtual-assistants/,/insights/empowering-australian-businesses-the-data-backed-advantages-of-virtual-assistants/,0,301
/empowering-businesses-on-international-womens-day/,/insights/empowering-businesses-on-international-womens-day/,0,301
/expanding-possibilities-with-mortgage-virtual-assistance/,/insights/expanding-possibilities-with-mortgage-virtual-assistance/,0,301
/grow-business-faster-year/,/insights/grow-business-faster-year/,0,301
/guide-to-onboarding-a-virtual-assistant-for-your-business/,/insights/guide-to-onboarding-a-virtual-assistant-for-your-business/,0,301
/how-a-mortgage-virtual-assistant-can-help-you/,/insights/how-a-mortgage-virtual-assistant-can-help-you/,0,301
/how-can-a-virtual-assistant-help-small-businesses-compete-with-their-larger-companies-and-with-bigger-brands/,/insights/how-can-a-virtual-assistant-help-small-businesses-compete-with-their-larger-companies-and-with-bigger-brands/,0,301
/how-reliable-virtual-assistants-help-businesses-stay-lean-and-thrive-during-economic-uncertainty/,/insights/how-reliable-virtual-assistants-help-businesses-stay-lean-and-thrive-during-economic-uncertainty/,0,301
/how-success-works/,/insights/how-success-works/,0,301
/how-to-choose-a-virtual-assistant-provider-dos-and-donts-when-outsourcing/,/insights/how-to-choose-a-virtual-assistant-provider-dos-and-donts-when-outsourcing/,0,301
/how-to-find-and-hire-the-right-va-virtual-assistant-match/,/insights/how-to-find-and-hire-the-right-va-virtual-assistant-match/,0,301
/how-to-grow-your-small-business-faster-with-virtual-support/,/insights/how-to-grow-your-small-business-faster-with-virtual-support/,0,301
/how-to-organize-digital-events-successfully-with-a-virtual-office-assistant/,/insights/how-to-organize-digital-events-successfully-with-a-virtual-office-assistant/,0,301
/how-to-save-time-whilst-getting-more-things-done/,/insights/how-to-save-time-whilst-getting-more-things-done/,0,301
/how-to-set-clear-goals-with-your-virtual-assistant-for-maximum-impact/,/insights/how-to-set-clear-goals-with-your-virtual-assistant-for-maximum-impact/,0,301
/improve-client-retention-with-virtual-assistants/,/insights/improve-client-retention-with-virtual-assistants/,0,301
/improving-business-health-with-virtual-office-angels-virtual-financial-planning-assistance-and-administration-services-on-world-health-day/,/insights/improving-business-health-with-virtual-office-angels-virtual-financial-planning-assistance-and-administration-services-on-world-health-day/,0,301
/international-youth-day/,/insights/international-youth-day/,0,301
/leadership-delegation-go-together/,/insights/leadership-delegation-go-together/,0,301
/maintain-a-work-life-balance-by-outsourcing-hire-a-virtual-assistant/,/insights/maintain-a-work-life-balance-by-outsourcing-hire-a-virtual-assistant/,0,301
/managing-business-top/,/insights/managing-business-top/,0,301
/real-estate-virtual-assistants/,/insights/real-estate-virtual-assistants/,0,301
/reduce-stress-christmas-making-perils-management/,/insights/reduce-stress-christmas-making-perils-management/,0,301
/reliable-virtual-assistants-for-service-based-businesses-turning-enquiries-into-organised-workflows/,/insights/reliable-virtual-assistants-for-service-based-businesses-turning-enquiries-into-organised-workflows/,0,301
/save-hours-a-week-how-smart-aussie-businesses-use-virtual-assistants/,/insights/save-hours-a-week-how-smart-aussie-businesses-use-virtual-assistants/,0,301
/secret-to-effective-virtual-management/,/insights/secret-to-effective-virtual-management/,0,301
/specialised-virtual-assistants-vs-general-admin-support-whats-the-difference/,/insights/specialised-virtual-assistants-vs-general-admin-support-whats-the-difference/,0,301
/start-the-year-right/,/insights/start-the-year-right/,0,301
/streamline-your-real-estate-business/,/insights/streamline-your-real-estate-business/,0,301
/the-complete-guide-to-accounting-and-bookkeeping-virtual-assistant/,/insights/the-complete-guide-to-accounting-and-bookkeeping-virtual-assistant/,0,301
/the-human-advantage-why-virtual-assistants-can-outperform-ai-assistants/,/insights/the-human-advantage-why-virtual-assistants-can-outperform-ai-assistants/,0,301
/the-pandemics-effect-on-businesses-and-tips-to-cut-costs/,/insights/the-pandemics-effect-on-businesses-and-tips-to-cut-costs/,0,301
/the-problems-with-outsourcing-and-how-to-solve-them/,/insights/the-problems-with-outsourcing-and-how-to-solve-them/,0,301
/the-rise-of-specialised-virtual-assistants-why-general-support-is-no-longer-enough/,/insights/the-rise-of-specialised-virtual-assistants-why-general-support-is-no-longer-enough/,0,301
/time-mattersdo-best-delegate-rest/,/insights/time-mattersdo-best-delegate-rest/,0,301
/tips-better-management/,/insights/tips-better-management/,0,301
/virtual-assistance-as-a-business-continuity-tool/,/insights/virtual-assistance-as-a-business-continuity-tool/,0,301
/virtual-assistant/,/insights/virtual-assistant/,0,301
/virtual-assistants-in-the-era-of-automation/,/insights/virtual-assistants-in-the-era-of-automation/,0,301
/virtual-assistants-vas-hire-not-hire/,/insights/virtual-assistants-vas-hire-not-hire/,0,301
/virtual-assistants-worth/,/insights/virtual-assistants-worth/,0,301
/virtual-financial-planning-support-financial-planner/,/insights/virtual-financial-planning-support-financial-planner/,0,301
/what-are-the-challenges-mortgage-brokers-can-overcome/,/insights/what-are-the-challenges-mortgage-brokers-can-overcome/,0,301
/what-to-consider-in-making-business-decisions/,/insights/what-to-consider-in-making-business-decisions/,0,301
/when-your-business-grows-too-fast-signs-its-time-to-be-smart-and-hire-a-virtual-assistant/,/insights/when-your-business-grows-too-fast-signs-its-time-to-be-smart-and-hire-a-virtual-assistant/,0,301
/why-hire-an-accounting-and-bookkeeping-virtual-assistant/,/insights/why-hire-an-accounting-and-bookkeeping-virtual-assistant/,0,301
/why-outsourcing-only-highly-skilled-virtual-assistants-works-best-as-a-long-term-partnership/,/insights/why-outsourcing-only-highly-skilled-virtual-assistants-works-best-as-a-long-term-partnership/,0,301
/why-selling-clear-goals-with-your-virtual-assistant-va-is-critical-as-your-business-grows/,/insights/why-selling-clear-goals-with-your-virtual-assistant-va-is-critical-as-your-business-grows/,0,301
/why-should-you-hire-digital-marketing-virtual-assistants/,/insights/why-should-you-hire-digital-marketing-virtual-assistants/,0,301
/why-smart-businesses-are-turning-to-outsourced-services/,/insights/why-smart-businesses-are-turning-to-outsourced-services/,0,301
/why-virtual-staffing-brings-consistency-to-fast-changing-business-priorities/,/insights/why-virtual-staffing-brings-consistency-to-fast-changing-business-priorities/,0,301
/why-virtual-support-makes-sense-in-a-tight-australian-market/,/insights/why-virtual-support-makes-sense-in-a-tight-australian-market/,0,301
/working-on-your-business/,/insights/working-on-your-business/,0,301
/your-journey-to-success-continues-with-virtual-office-angels/,/insights/your-journey-to-success-continues-with-virtual-office-angels/,0,301
